,st,bt,rf
0,0.72727,0.81818,0.90909
